7.326792328152806,25.55264911847189,35.479907755041495,43.01716610044241,105.19006991316564,126.80590649368241,136.01463270024396,147.2322175616864,156.70169808575884,196.87136398698203,205.37012056494132,213.81998021900654,233.84791059815325,243.4274026604835,267.55384417413734,287.5696777207777,294.2696073157713
2.0497751464135945,10.257833972806111,30.551895848242566,42.301933442708105,46.237528225639835,52.514845243189484,65.85963599151,87.80825999029912,96.11418300052173,103.09398287348449,113.45537209301256,130.50822983239777,135.0773425209336,143.7234302717261,153.94945481303148,161.00748262368143,168.33736630738713,174.17265886603855,181.24706369731575,185.7569693934638,190.9046671888791,194.8225513198413,208.63721531932242,244.40816464531235,262.7962571410462,274.56894028536044,280.08715611090884,296.6071403855458
-0.8141494039446115,4.607031124876812,21.628118245862424,47.506811352213845,54.019156391965225,61.88875743490644,66.81362206069753,72.80604103440419,82.90969485696405,87.87555093085393,100.06871653511189,104.58511031325907,109.00050871632993,112.51969187124632,132.9860373395495,156.56438402063213,169.46424536802806,179.32363418396562,185.6366249236744,211.26561883161776,218.29076269757934,238.14739996078424,252.10816909605637,259.26904832571745,287.4851643664297,293.78752674534917
5.044962175190449,9.276725051924586,18.69502751296386,22.144778934074566,53.28418755764142,61.39762064488605,67.87509041978046,78.02683006273583,83.526602181606,96.12239959998988,114.00788100482896,126.73062573932111,134.2542875292711,146.79362937784754,154.89641332207248,166.41658472456038,170.15114921308123,180.85564934788272,201.4425252371002,205.2619112713728,213.85318643669598,227.68970074527897,239.81892910064198,243.74583534593694,255.49912250228226,279.9669037840795
11.857217216631398,24.77538348035887,40.133600522065535,87.5009280522354,96.32739136763848,122.8506507051643,129.4714505856391,140.82867527171038,161.57638312736526,176.7890591151081,183.36020824103616,191.0223706830293,195.07999627059326,206.57841141452082,217.74112997297198,228.20627303305082,234.120458337944,242.12715098052286,253.37150358525105,272.7195368260145,284.51362753333524,296.37298167776316
15.370270347688347,36.51872236048803,48.007778444560245,51.66357954056002,65.78577404818498,82.195297740167,96.47371320286766,103.86336908466183,128.24731004191563,135.49450530996546,141.28472269373015,147.90321164298803,153.80797939002514,158.12392975087278,167.1799252324272,173.87971511366777,179.02519381069578,182.21468921215273,200.10824908758514,222.6008651952725,228.3191183132585,237.07728787721135,260.652349909069,280.91026290901937
12.161025156732649,25.745400918647647,38.993932771263644,44.67347117140889,57.44855633913539,66.38372763013467,89.41226524394006,98.19118197960779,118.95582049805671,136.60409875656478,151.09074762719683,158.96768895629793,168.09200688335113,175.03631248720922,188.52833254169673,213.76359488465823,233.8865426501725,243.2034440576099,248.03708779346198,252.8619758777786
15.489823166280985,30.038126813946292,42.88719920022413,57.48052851855755,64.67944960459135,72.44724046625197,78.5373384130653,83.0739407048095,87.28190301451832,101.24963303888217,114.50112001947127,125.40734780137427,154.73122671386227,170.83219559979625,179.48488184809685,197.63592253136449,202.5917663918808,228.0309915030375,248.8376559165772,264.22200389485806,282.16956002963707,286.78505719732493,292.7968573565595
4.3123494274914265,9.917973972391337,60.74701623315923,90.06833918974735,96.96308451681398,115.11546236788854,121.53613526606932,125.04516400303692,131.55156336491928,160.03381499019451,163.982744961977,201.6327876741998,226.45417850534432,239.15046377037652,277.58597718249075,297.6031476126518
12.926210927311331,25.14081982173957,33.646840006811544,36.73323209560476,48.168778236955404,51.41023432393558,56.91935477103107,84.18438991648145,91.60585329146124,125.78701690630987,129.23162588034756,172.00826571509242,176.46982584754005,189.37437228206545,197.27271004929207,210.6439333828166,219.10236156871542,226.1768615359906,235.74848724156618,249.75578954676166,268.08445207122713,274.19993341877125,279.8927319184877,290.4144628343638
0.047582685481756926,6.67876638751477,42.43915216298774,57.26211422891356,71.35679295868613,78.52895856346004,89.67151877749711,94.58538065850735,108.7032398020383,118.57783714472316,127.0358324458357,130.9718377450481,144.26773412595503,158.78456081729382,182.52874701912515,186.89660682342947,191.05927116516978,205.31630679988302,218.1121358179953,224.16572641348466,230.3596135871485,233.77199548040517,258.2674896118697,269.8752332953736,281.1658420187887,286.0500208174344,293.4500157593284
-0.5488766762427986,15.266021858900785,38.011412462219596,41.400743714533746,48.83887189091183,69.32633717986755,104.52763233636506,108.9963252141606,130.86460578837432,136.44141608895734,141.3118710089475,147.61767643410712,179.52936268947087,183.85494352737442,188.68819316709414,192.35868095001206,199.58482260047458,208.4611176000908,221.8980285138823,228.75165916490369,237.93163736304268,257.72551899868995,274.57779614184983,296.0776238848921
19.52707719686441,24.642310937633738,38.5490965093486,47.2618347639218,57.3073184879031,63.566871844930574,70.84934619977139,92.41969745582901,134.94837859575637,152.5649663899094,158.31750253401697,165.64998738490976,180.06499471119605,196.16042542504147,205.2654666567687,210.61852673976682,219.25391453574412,230.81894625071436,252.07220299565233,271.59281581733376,280.772694012383,288.2811108401511
21.402145644184202,27.23105288646184,38.589713998138905,54.13866257923655,88.81188784679398,101.25563750392757,106.53388880426064,112.50462699774653,123.74948884639889,134.46776372543536,162.3595732175745,170.25604223040864,182.32438208931126,192.8496707570739,226.42074510036036,240.3459998939652,245.62789008300751,262.075054039713,292.39148619398475
9.692031148821115,16.79913890711032,20.064418531721458,26.04876374336891,29.909170484170318,48.90338890068233,52.794161095283926,64.01497751637362,75.3290006776806,80.12919815210626,89.87732565659098,98.47950601531193,110.30588458687998,127.4744825209491,132.30610203905962,135.89403765206225,139.9064438994974,163.43974153278396,174.0542857486289,185.9772800153587,196.9496889472939,204.4686243608594,208.2090128478594,216.41428108233958,222.6811720454134,226.36795550677925,232.71025413810275,240.00320912757888,259.54390616551973,268.54824875551276,279.7235541511327,297.34798213094473
0.8716149930842221,9.94921811716631,39.53447161219083,44.123233382357284,48.6693928046152,63.43103390978649,85.48268968309276,89.49711969145574,105.77431800425984,119.3043294379022,130.5303919420112,138.08183801500127,171.52864481834695,177.3372078370303,186.84850722039118,194.7560206486378,219.8624383737333,223.53185144718736,242.013504863251,268.6393727157265,275.16946764383465,291.35382553422824
8.497575409943238,14.038651906186715,18.098340176045895,28.029989391798154,55.51840635202825,60.27819849480875,71.74608543142676,78.68727165902965,96.13371804216877,101.48041578778066,135.66135574690998,150.43292848672718,155.87276400486007,172.43217299692333,188.12945225997828,202.55884007108398,215.15249038115144,231.64965282962658,248.5127791960258,257.73130160663277,261.59504089783877,268.4633823072072,273.92112967930734,282.99738944205455
3.441976770060137,13.95543136750348,19.437053128145635,25.353438480757177,44.900922257686034,64.8531306493096,74.596785397036,102.31618072721176,115.14786452217959,132.99948793603107,137.8737171893008,156.10140464943834,166.38134705484845,170.80269406875595,175.51487537752837,183.74097502673976,222.08491893229075,225.7776821698062,237.98892125487328,245.02498842403293,262.534902961459,271.8827186215203,281.45800910750404,290.6417488195002,298.3304751031101
4.099213642766699,22.54296548687853,44.24188621225767,52.365455493098125,64.94520075805485,77.55846207006834,82.45687986421399,93.17899813503027,108.2606761471834,121.06136621022597,130.5794454230927,146.6579906854313,157.2008623732254,161.49962065229192,176.1047534707468,185.24080478749238,218.71234026364982,223.86818853090517,261.89926910516806,272.6277629463002,284.0634747853037
3.194005111930892,23.72147875931114,48.17771777068265,76.07936225901358,123.64392596413381,135.94934919057414,142.2716370234266,164.23471193597652,180.25409851991571,196.52774902805686,203.67972108861431,221.2970062654931,228.48500543134287,242.22706073778681,247.69147856114432,276.44419882725924,280.34926729649305,290.67390532046556
21.756384695414454,27.110991848632693,32.57156609511003,71.19479310745373,77.74255441012792,87.43024296266958,90.93465232104063,98.66937781241722,106.83645283989608,115.68165610008873,118.67584257829003,127.52329612523317,139.3303932622075,152.16160784172826,161.1250481789466,177.70861099823378,195.8745491495356,214.49480852438137,231.76621555513702,239.8954711072147,253.01101638190448,271.76014774641953,291.6602631441783,295.12422642158344
10.284524408401921,22.08527783676982,38.55094493832439,48.0257617814932,62.315046172589064,69.46089910366572,75.00095018022694,87.02310526091605,91.21640737890266,104.62638963083737,109.43220436759293,120.38970003440045,131.97259749518707,136.0002353664022,147.49591555888765,155.48839364410378,167.23161133867688,177.7845220884774,207.26245185546577,242.36719091283157,266.93249407061376,274.32206678716466,296.4848604113795
0.006192785454913974,3.7007250969763845,26.709199648350477,32.87790447031148,61.5785373528488,90.9227166264318,104.44426289317198,111.65659022564068,115.530376594048,122.8239361778833,131.1452139141038,142.39434391446412,148.51060633244924,182.5127738735173,186.45489940582775,217.568754252512,223.27087797643617,239.17694450262934,242.85978173674084,249.71679966850206,262.62049799063243,273.48631688416936,286.0782985535916,295.82094216230325
2.551154622808099,19.348513901000842,23.850619849283248,34.735690739471465,40.71196170989424,54.067201701924205,63.4490836977493,73.5204622973688,84.88817508425564,91.45868332288228,105.37934009707533,113.75092942127958,123.86891538253985,158.06035924935713,172.48751586000435,179.84090812434442,186.9044437087141,196.09389482298866,201.8954243415501,211.644556282321,222.00034839240834,228.5090633186046,242.3033859282732,255.44226822839119,259.08655447955243,292.3789296867326,297.5606905196328
13.34197783190757,22.92070840811357,27.28461646847427,32.445338774006814,48.48511645034887,66.14408291084692,80.15146478475071,90.80915344739333,105.57111707841977,114.41690893401392,122.80142596573569,126.59878486976959,137.60325528122485,143.7345389854163,150.71997601375915,158.56705648591742,171.67319671693258,176.15393959963694,181.9500898355618,201.31130396062508,222.50477316370234,230.55067171691917,244.73352397978306,276.7474256786518,283.9712985288352,296.86367641878314
21.712914302945137,50.001578856725246,57.342310237465426,61.00463141896762,64.50115807517432,77.41166524006985,97.38424306875095,115.58679383201525,120.9448909079656,130.99391363142058,136.21877279877663,142.80052183382213,149.08511189580895,161.54445821559057,176.14592655887827,181.92393899685703,207.20686289970763,213.586583096534,230.7705499206204,242.7041798348073,269.867016215343,274.86807441408746,283.18170457030647,293.247031662846,297.1343863592483
17.17379119154066,25.918946059886366,30.493995985016227,48.00160142406821,54.75791343790479,58.99565403093584,70.53404770209454,74.32153925858438,86.65441629826091,92.59037579060532,99.19903693464585,125.54952587443404,137.61939548095688,152.57417811546475,163.73154362593777,170.20539985620417,238.4654697754886,243.73119963915087,247.18859357759356,258.70523750572465,262.7406043885276,272.645942150848,280.4235720061697,296.83985428791493
9.229429883882403,22.07946723117493,35.858505016425624,42.257634395034984,49.22591896983795,66.07147874124348,90.5098611144349,95.96908905124292,108.20410732389428,112.97325825202279,117.1517699228134,146.34252616390586,171.68286132370122,178.37551015382633,193.33806108450517,218.1497710577678,224.94857164216228,232.31897897017188
61.382965420838445,70.68465070961975,76.82739713788033,81.19858948281035,89.4168497286737,96.44457211811095,110.40029338141903,117.25674582459033,123.39474201877601,130.8397465373855,146.19982951157726,156.31891866750084,184.75360517716035,222.46191350673325,229.01736571546644,240.36020751320757,245.93714161869138,253.58869469468482,263.68193060159683,272.0895716564264,276.22745273122564,290.6726089278236,296.94276270316914
32.913526970660314,55.18611548887566,80.21449462627061,111.83943103649653,134.1996592786163,146.9669706209097,151.38671445753425,157.5395829482004,168.55590388993733,176.83162094419822,184.54202895099297,201.9312015606556,207.0987986717373,214.84259921405464,230.9917153234128,265.01785337598994,284.2422034093179,293.66934604919516
6.194472347851843,19.620903204660863,30.139442410552874,50.41922432463616,68.43396906461567,77.72730771289207,105.99405525997281,129.95312985987402,142.07612368860282,168.98694730200805,178.9820761301089,197.59395290189423,202.63793645845726,222.22220128588378,226.75780269596726,236.73867058195174,243.78296129079536,256.2529770238325,273.55099800182506,281.28842696989886,286.46295986976475,294.73290698812343
15.618741284357384,39.53054614900611,61.62006667884998,68.97321493830532,84.54802177939564,91.4311758291442,94.4732016264461,108.92747397325002,113.29380649141967,137.62139501748607,141.85482351039536,147.90161781571805,162.2498280534055,176.42490376951173,182.28138874517754,186.2766734159086,206.96082991571166,214.62496713898145,223.3341158288531,234.84843883034773,241.21411399520002,248.21709571871907,253.05847315862775,288.62222419842146,293.4643269467633
12.901225849986076,34.98326542438008,49.458218035055324,57.32768099103123,70.7922192402184,79.44711009529419,94.50976053695194,103.492458288325,110.12450251355767,114.47693459247239,117.84769941307604,150.76038715266623,190.65563016361557,201.32897935411893,206.07178598362952,213.52385237789713,229.68800798035227,239.36028817878105,251.22018059995025,256.40240980731323,263.9243329872843,295.4894270268269
-0.2542482556309551,10.105558598181233,24.61966892145574,41.800753857940435,48.13135867193341,63.65423208894208,104.23192490148358,132.15307504800148,147.51144127291627,158.27395054581575,200.3018409262877,223.8377135200426,229.89287676103413,242.17220746027306,251.53725255397148,264.6605693085585,268.95351965306327,273.2344321331475,277.1148818966467,281.0447124405764
12.435176394414157,25.54095071554184,39.14290706603788,62.17956136842258,74.08809111756273,84.71953343669884,94.72196362819523,100.60479007288814,108.15747287194245,135.7433378342539,141.11483408790082,158.33274692413397,166.58779082028195,170.56249233707786,175.10938682290725,191.03775616572239,195.95453801890835,225.86680026655085,238.19901139615104,243.26050859503448,248.64510606159456,253.824850741541,275.53350280132145,285.8714309425559
6.213532076217234,13.547624338651076,61.32410827022977,66.73776074359193,70.26395218446851,82.75218667974696,91.55570314102806,96.18370745913126,102.28478076774627,113.68818405736238,133.1958123149816,158.58273434336297,167.42760278633796,172.176524333423,197.17266234126873,209.10079781874083,215.36104401829652,224.94852353911847,228.98762004124,242.9471702990122,246.3144881639164,251.10762326954864,269.5745121126529,284.0066765360534,288.2632731506601,294.0549123454839,298.13947051623836
1.4639420157764107,14.06256566522643,18.406203623861074,30.991365356370807,73.50316674727947,92.61197058926336,112.25450124079362,115.85444361506961,130.44422817905433,144.37072401610203,156.48983578174375,205.42353947809897,223.5339215111453,229.69095585099421,241.22704700846225,253.09471159474924,263.6877478994429,276.61562656844035
5.349919768748805,8.777783151715994,17.724503443110734,28.242035097442567,38.570193137275055,67.31001068861224,84.64379261713475,99.77091115387157,125.06341594853438,134.48354083509184,152.6571292388253,157.41601570369676,160.38825927651487,171.2945159683004,202.4673858289607,205.2189370749984,215.47950732009485,235.10202920925803,245.3376318672672,252.48889966704883,281.1712608074304,293.6666689419653
18.568162558134645,39.30149600165896,49.68462576158345,56.257289012661204,68.89686846616678,73.34023361164145,87.34735754644498,112.69453952461481,125.14870264590718,153.27295580226928,161.98787670163438,174.73922717920505,184.73382943379693,190.21264079748653,199.62906789919361,212.2636043576058,219.21688424586318,224.1846188774798,238.37354005593807,244.47209130437113,259.90197439771146,264.82384456903674,273.3039851181675
3.285196016309783,10.072907538386062,16.018696418730542,22.909647448919713,27.70652827480808,34.68295842013322,39.57568114064634,48.07150183757767,52.102172217098996,60.58298215130344,66.68655689433217,97.927308044862,125.96932589798234,142.86620280495845,164.88418755540624,169.33434327179566,184.5081859335769,219.10769500094466,237.73871770547703,247.65775052946992,254.90077888942324,266.0924554390367,275.68738899263553,285.4209287222475
2.347298540174961,10.268777973018587,39.13982222182676,49.44874298782088,88.59587719850242,107.95276308339089,115.19787973864004,128.46269572083838,133.63925342797302,151.47116087540053,165.5410807854496,169.9975845851004,193.25511362962425,212.58375197905116,224.9568176914472,240.4535338024143,249.78216043766588,263.82908103545196,279.066874160897,291.28445756435394
33.66613410366699,53.89677065634169,63.88127573020756,77.36333921877667,96.63417459907942,104.73042967845686,122.35426028771326,132.92133571696468,135.75552174216136,139.35825585597195,152.50240194867365,178.97174873622134,183.89557061973028,191.9791843816638,211.58498743968084,216.1331620006822,222.97012873459607,236.67049906030297,267.07734788465314,298.32707254146226
9.304464106215164,29.886363287223503,54.27918142802082,75.407786071999,84.82556140841916,92.2754497169517,117.31871705199592,126.14942703349516,130.78647647215985,135.106422863435,144.56527020642534,155.87775791133754,170.85356582212262,183.32079736352898,196.55167727242224,200.57340392726474,207.7188909673132,216.36292924149893,229.93812500615604,234.73302631708793,246.43606505985372,260.47458997461945,267.45419859839603,273.92830927320756,289.47471170383506,295.9971818625927
2.6370126768015325,9.476964695379138,14.096328856190667,25.815882004564628,33.19124225503765,46.04540151008405,59.932257761014625,65.39777261624113,79.32394990464672,88.20458048419096,112.01058767759241,132.36883786437102,136.00145523715764,161.59995919349603,166.91851621354,190.9585347881075,210.03621295513585,221.35780125204474,243.4219459234737,251.20891105849296
13.319919049507007,43.913583491463214,54.68628685665317,64.0486304636579,71.36132652265951,81.79499828489497,105.50979262171313,119.45282069128007,136.26776436762884,147.2535042911768,153.3573727835901,166.33463794109412,212.32867754157633,239.49411461153068,254.61944403802045,258.0485005003866,278.38193173427135,288.51561651472
1.3958976182620972,10.967491659801453,33.281061455374584,40.17536567989737,75.87565202009864,100.32302505592816,107.01268716040067,120.80869712750427,130.52947772364132,139.90457493416034,153.0320298273582,163.6892961000558,174.54845743160695,190.4639236293733,216.95365982525982,222.00245469342917,259.1862112011295,265.3167037772946,281.38878214918077,288.60220436006784
-0.8514101011678576,2.713250645203516,22.05648904829286,37.55439079133794,41.29220527620055,67.89998785452917,83.35970199876465,87.86308332975022,91.24915974657051,97.7415803305339,102.6354308319278,136.48538607987575,140.17740858066827,160.98425267566927,193.74277966283262,224.95579603873193,238.89745542872697,251.8324195460882,262.1716280914843,265.6657693600282,283.7598271924071
22.093998114578426,37.76383100822568,60.05235247453675,70.97093824669719,88.59061773167923,99.53959264978766,106.22299973806366,117.62858034437522,130.99363937275484,148.54836738458835,152.01718134549446,177.93507047602907,197.36710343300365,202.26701493747532,208.64770273840986,234.09294083132409,240.8408580715768,256.8919935396407,276.8647246349137,290.24778383318335,298.69561131787486
1.3044976573437452,8.01569518726319,50.32160188537091,56.803497527958825,71.94260537903756,78.90793745638803,133.67489014542662,145.1476549215149,153.59012985415757,162.56121454224922,185.561489605112,203.33420918765478,212.61331021995284,216.2466517710127,240.16042300290428,266.85082107782364,273.29488950013183
10.84461248642765,24.687379064038396,38.03124274034053,42.861096021020785,52.202397191897035,69.28546993341297,108.82046691491269,122.65444126515649,129.58725376962684,145.37535582343116,168.74583317432553,182.31742214038968,198.72285124543123,202.23587357299402,221.39925347431563,232.17572281463072,252.99652207503095,258.3664603291545,269.71613346319646,277.1829256096389,288.92185529507697,297.5685699235182
1.5190573639702052,15.385128455702215,20.34162363409996,23.62415159633383,28.01512798690237,32.64273980073631,49.37383347633295,60.866737863980234,68.44987490284257,75.64085280918516,85.09044341789559,97.78021275554784,103.84823192562908,130.83227292518131,142.0724367031362,153.68862751987763,162.98943754378706,169.29999697767198,191.0666705374606,193.80113348923624,229.2394591877237,234.51947576156817,254.31013112096116,269.84223016211763,275.9955344146583,279.88012679480016,295.78980949614197
-1.0790669708512723,2.943126790691167,8.191169551340863,12.990690425271168,30.55257479357533,39.663622960215434,47.86352767073549,56.18675951636396,68.91323897894472,75.75899013876915,82.48694680351764,99.12717199302278,114.02272703591734,119.79785636044107,141.87288140435703,153.008778761141,157.38675224385224,161.249108039774,170.2428476647474,185.23599314200692,188.83606320759282,213.9154811021872,232.4506446328014,236.23095320072025,254.55413997313008,262.4808150571771,285.70828499039635,295.74207035196014
6.251222051912919,13.468208972364664,17.28979933122173,20.785322414478287,40.43878414621577,48.60674999887124,58.36761854379438,63.941068183165044,71.19113413779996,75.16230940259993,80.19165942119434,108.40897064516321,117.8021986875683,128.26347156171687,140.7292218140792,159.11547086038627,185.58227802766487,190.8696651714854,231.82382057025097,236.8746360030491,241.62515763938427,254.25210377248004,262.61955662537366,272.0719061975833,278.8989035252016,285.31887498591095,296.05634739180095
10.263427779078484,19.479832156794146,24.41971497167833,30.71738937869668,38.00756858778186,47.871943596052006,63.412071828497574,68.05790583905764,90.76748785329983,95.37421082169749,99.07190113747492,104.09127195551991,121.84333156468347,128.0394645135384,163.70951089868322,192.13879776955582,214.01926792552695,222.97109037288465,234.80375044886023,245.92267703055404,263.2161686012987,270.4961156900972,279.96136985952035,290.8190129091963,294.04083484900184,298.36986703891307
18.120342172449455,49.37604425428435,53.13474593684077,65.17285009729676,77.68612911715172,118.6970384165179,126.48451763112098,143.92575229355134,151.47208277788013,154.96070952736773,232.20506616518833,240.0583284907043,252.81870798300952,261.08421282540075,268.1248311751988
10.573310004081577,15.53947917278856,30.951895330566913,34.47559429309331,42.41489452379756,52.61210501426831,56.833851085742936,72.17915385961533,88.9229888340924,94.92927866033278,101.51281418139115,113.47007916332223,125.5351674228441,133.92059095948935,139.3574117529206,143.96566891414113,153.4415762736462,162.32768859202042,168.54106560791843,175.03214887320064,180.21840143250301,184.1559833928477,205.4156828764826,209.84677079552785,223.2998972875066,264.9165531916078,277.66144611965865,287.7740845105145
7.798426754074171,39.35782856773585,45.35457525565289,48.98569692042656,70.16568463831209,74.82036586920731,82.72694624355063,98.2814071259927,107.79884829930961,120.54123361688107,133.60170933720656,137.38072041026317,145.27625141269527,186.54295838274993,191.32608675467782,198.36640437855385,205.64846684108488,215.91565544670448,222.25392947229557,239.23021112917922,245.6888764060568,262.0280208613258,266.2456569678616,296.6848152182065
3.8665239752735943,18.845260685076937,44.56117700692266,51.850953622721136,74.60601467569359,125.6404419648461,141.0823740195483,145.24743641540408,182.87666907557286,201.34298689942807,205.77234148001298,246.50284613133408,266.3889195243828,276.21148744923994
5.797881768783554,35.2343032239005,38.988969484576955,52.15516283176839,58.79463190538809,68.47715614107437,79.47078838152811,92.0390697021503,98.65089084673673,106.71106914617121,129.39182757306844,148.2453620689921,164.90973705193028,168.40873279888183,171.58075401932,177.60210174811073,187.870203851955,209.44724413007498,233.42106664390303,237.73745902092196,261.1141629985068,268.55132097238675,294.5855109819677
5.919421780854464,11.249070727732033,16.372097433311865,21.67158535751514,35.480383469955996,41.28948228084482,63.60449138190597,75.91876767366193,85.42331487033516,117.68130930047482,126.81338960886933,140.1457756755408,145.2982705766335,156.5360890275333,164.79845651588403,172.57484647259116,188.00498270709068,217.94712754664943,229.27596191153862,233.36921505443752,254.87287034187466,267.6653273322154,288.3187634067144
3.4305553163867444,32.8146583805792,67.10937194852158,106.69896153174341,115.28184217493981,129.5412312434055,164.62007160508074,174.08367145434022,200.00105317798443,204.35991667653434,224.83119991212152,235.2143433331512,240.73372303135693,244.5835622814484,255.0349374061916,260.588083419716,264.26053622108884,279.2737853194121,293.3100635970477
2.942121056606993,13.059366210596636,23.62439630110748,30.635449852561578,40.008049686905,43.1416150177829,53.071342807263136,98.74775141989812,110.11833266029134,121.62097619427368,132.53991169575602,135.85818982101046,155.06710303458385,161.35350667708553,166.04706551833078,171.29753096960485,186.26937466487288,193.67384361941367,201.92769856005907,218.6373099682387,230.43106859992258,257.61981286341324,261.54260941199027,281.3241250345018,285.7952978736721,293.6126470717136
6.996412397827953,14.456469780765474,26.624853152548894,62.016848254948854,67.3055477142334,73.84737312560901,81.00043882825412,125.05918731889687,133.0248331152834,169.3379268986173,188.19386518397368,214.3542621557135,222.87340571754612,227.66459513898008,244.65445701009594,260.13600984052755,275.8648634806741,280.51719083986245
3.491521507501602,8.538697279058397,19.60416224040091,26.80037233256735,36.47762158024125,45.36326329316944,50.6539951369632,57.783646922092885,78.24975896417163,86.91674893652089,96.75158468121663,109.82877651695162,122.77861834061332,147.94555504596792,155.98351911641657,177.5724710826762,192.80363678047433,201.82523503247648,206.5035014078021,236.9111481369473,244.3225078813266,260.8105574408546,277.78807499888353
7.7870318500790745,29.917670192895457,34.57235949346796,55.935985922813416,59.630449156975374,67.43203721917234,71.63329301029444,76.29636965808459,80.83758562593721,104.18856721906923,133.44193616579287,170.84228284587152,194.89897437393665,208.32597177196294,212.42363527812995,224.77012648293748,245.19534376566298,252.60685056704096,277.56679264758714,284.11775585333817,291.76738368091173
9.424998542759567,33.29142951685935,59.57082726666704,68.06282739783637,75.82606755453162,93.04904439020902,111.40671033994295,118.29822602751665,160.94884860841557,168.602505980758,177.2611041837372,182.37440615007654,190.111622371478,206.0068475967273,210.03059439361095,222.68359946622513,235.04767459002323,251.94464477780275,269.2876428163145,298.19909129384905
3.6055074089672416,13.92918616742827,17.47398699168116,24.629571398254484,35.50223364424892,56.89393726992421,66.52159432810731,77.24084898736328,91.85284610884264,104.11267466330901,114.33996083470993,133.78223000792786,139.96128889988177,185.56129616196267,201.9509888968896,212.42542249825783,219.76076388638467,244.9951154293958,261.2797314925119,271.7101894430816,275.96291828225367,287.10745776677504,295.538510925835
13.714636457618326,19.117739983135834,24.607777375727892,44.05192000139505,61.560815947595984,64.85374499042518,73.08071231469512,79.25276908488013,84.21340376185253,121.6357534986455,137.59642970189452,148.72491263318807,179.64388774358667,195.167469591368,209.86647986783646,246.71031843032688,263.46605596505105,285.71938187163323,296.5570389346685
15.43256813264452,24.818691086489707,28.908022401854396,36.24297455674969,46.06800768733956,52.014068668708205,56.803847060306,61.386115280678496,74.7229006884154,82.42986454325728,94.24629202508368,111.17467730655335,117.14322891226038,144.7164398850873,152.14770051115192,167.66064954455942,176.86763829854317,200.10912862233818,217.7489628852345,223.50725651951507,234.72735244897194,239.72696164785884,243.01454105204903,248.6578503898345,257.2003515008837,271.6725831516087,286.92973182932474,290.5692649532575
34.0163878260646,89.98684819741175,96.5709236219991,105.69393871212378,120.30741401715204,138.05539575219154,142.02119577024132,149.92088437755592,159.00764598324895,201.80754639976658,215.3517853973899,223.17261000769213,236.2611824912019,273.71964894002303,294.0957111935131,297.69952911534347
15.905123078031465,35.03135287645273,45.96726687904447,63.89341626665555,78.2354343328625,85.86420284863561,92.83628146746196,108.36810415587388,115.9699767746497,120.19631624501199,126.34738321462646,134.30771915707737,151.64855777355842,164.14408061583526,176.6395604198333,182.2205548065249,189.2109364341013,197.29898802819662,229.40723761520348,257.2707796697505,277.75797392008826,287.28492921986617,295.1847771483008
0.6232913285493851,45.41058822465129,49.0119869238697,70.82391204521991,76.73785583046265,101.177204225678,109.15733407437801,116.79057457786985,121.56288960040547,124.75103210890666,137.33380054472946,147.33366755442694,161.57798782596365,169.2384565968532,194.2250578715466,203.4344878771808,206.99717141571455,231.05319876945578,238.89752482110634,247.4503358064685,255.40554054197855,280.44950352888554,290.65547321294434
0.4971080794930458,12.441298915073276,33.82866014773026,42.93326395866461,55.5867355086375,69.93038947996683,77.42603771318682,102.9952700980939,110.84916145331226,116.20360304159112,127.46885274583474,137.17904922156595,148.89983048010617,183.2999734345358,199.32892383635044,205.31889756582677,218.6494483742863,233.52841704175808,236.8642383904662,241.69885901128873,281.9659170010127
3.454701242269948,10.067576554371044,15.329047448001802,47.15027558337897,56.59655260643922,80.71466161636636,91.07752999663353,112.30578491580673,128.64865633053705,141.63301100581884,146.90534991701134,155.92177913105115,163.37147801974788,170.35815363982692,189.49159887246788,200.89066812722012,209.32347887638025,219.61133897071704,231.48256005928852,261.409748230828,273.43224050989375,279.2450363826938
7.7848166164476424,13.31791653460823,20.270288534928113,28.016575216082856,31.32952345116064,42.14876563078724,46.44684261130169,63.26594128715806,68.95907913800329,74.53204077389091,94.79325060476549,129.83381563564762,133.3225437705405,145.28664770373143,164.49625060893595,172.16384245455265,178.32269631000236,203.35240181582049,222.167265557684,242.2091135813389,250.82934681815095,255.1104680718854,260.2256711726077,277.96242989134043,283.5903552558739,290.8010549917817
10.727201364235952,36.34771495638415,60.43573626433499,69.25803866330534,80.59861333086155,89.87648677965626,98.78573332959786,134.69092097505927,149.87566485721618,181.45018817391247,188.9647049002815,195.06155583215877,226.96784858359024,231.49810913577676,245.03253662609495,257.0967317931354,281.18804609868675,292.48693297756836
15.687271600356326,24.384874240960926,35.67502190102823,42.07251857710071,52.72142945230007,63.55829805135727,80.61890923208557,86.84385896776803,96.93726484500803,102.64450230589136,110.15324464067817,118.70506716915406,155.9667378226295,167.45760457590222,224.37554617971182,233.3153321435675,257.45351585000753,268.1951970476657,288.51941631082445,292.02059193025343
4.428268800722435,16.84081859816797,29.18481717305258,33.499257429968566,45.79716407228261,70.28016527253203,80.63135087443516,88.31087849079631,109.33845700928941,120.46962350676768,129.890887463931,138.58095325506292,142.8121084724553,166.95946969999932,189.00485507491976,196.11272820993327,206.4898896140512,224.17915387032554,246.56790807587095,261.93783339788206,279.8320082067512,287.05683785886504
3.5841779792681336,41.079662463627756,54.48425795766525,58.455559940077364,63.857637523440644,70.79523298982531,96.11707525025122,99.82261317176744,109.76156702684239,118.23824296169914,126.43704434693791,129.75772896409035,141.11140282801352,147.15823597856797,161.85395193728618,171.33290957612917,183.86435008747503,193.1262121265754,221.44569476600736,233.3072531512007,243.67814131896012,249.2970730131492,270.00179851893336,294.45130225550383
6.199489704798907,32.85195064963773,57.63656942057423,93.70257012639195,116.48416520794854,135.58803154458292,154.34499284019694,173.70098451082595,179.08327461616136,187.1745287363883,192.41243339935318,202.9090844176244,214.92157590505667,264.6726846455131,291.35754927503876
16.86999604990706,44.09069723216817,53.99007019540295,71.66044516093098,83.71724487980828,114.10087760165334,121.07810266921297,132.32624269276857,152.95996332610957,160.79000186431222,165.9110686937347,175.92105814092793,188.71242777211592,204.48690904327668,221.2710468834266,234.2988535151817,240.2898878355045,255.56258899136446,260.1709288239945,271.3174048459623,288.13153235195205,291.88611254445277
35.33694427809678,39.57004905072972,44.319161114282906,68.1562084062025,120.83693005680107,128.47046904824674,133.89432865404524,146.34761735075153,162.90707764634863,177.73679253039882,180.970577967586,231.08125811861828,251.9178824960254,262.0718908966519,269.8300344776362,293.6672555767
2.010923334863037,13.048954846803099,21.409210795070976,27.26137110684067,32.80364924739115,42.02749459957704,56.50793033489026,61.82109624054283,66.94278364512138,71.35826872615144,77.46159478020854,96.336938170949,119.66066660732031,128.9524998839479,144.56297535868362,160.92317729769275,228.53155653434806,237.89456863724627,267.93576459400356,272.5372631899081,294.77088711597025
23.692953585181385,35.47930392064154,51.2169856026303,67.36268918705173,75.15546742617153,90.28164489450864,110.8791121635586,115.84098535124213,133.62386682420038,154.3154185381718,204.7326768154744,211.60850588860922,221.7212566647213,227.41645062714815,254.81498851440847,270.3233783673495,276.30342133529484,287.30569334188476
-1.3276699930429459,18.43026645365171,29.118994834832847,42.02409238019027,45.35039904364385,68.61875325534493,81.10837128921412,95.12361012096517,143.84761702269316,154.93397350399755,170.4778375220485,180.37452074303292,201.7736921547912,207.5882211648859,217.6408695189748,250.27151922415942,259.2884073117748,263.32197461044416,271.2025189131964,275.1192521948833
14.281319739064202,27.582378648687154,39.12209628056735,52.34374747867696,68.04871432157233,78.05746304243803,86.08140865084715,92.27919880952686,107.79709146148525,112.88122721272521,120.43524858774617,129.52900764578953,137.47785668936558,155.08020612364635,192.8017909345217,201.85094783362,208.43216721271165,228.1793780811131,237.50084642367437,243.5121808850672,252.02727034594864,259.6228264030069,269.18641686206684,285.415740651777
9.175571740837768,20.558189125964418,44.7089309329167,48.54369367333129,55.39199314475991,63.925883933203295,74.9584459271282,79.32647156668827,93.14160684426315,97.96154665388167,129.50504344585352,138.27939921012148,143.83252787799574,149.41991138993762,157.17220689333044,181.23668322642334,203.5938646167051,215.0234775126446,230.3332717870362,246.67948264838196,263.29922979092225,267.4198818875011,275.27236828627065,293.23212653794326
4.047743897186592,13.683486676309258,23.21561494586058,27.39381428458728,38.59658347279765,43.16840153303929,53.962829077849165,73.35315959737636,77.2231886757072,89.34329486615025,96.67344612604938,105.63359629036859,111.8711460661143,140.49211998539977,145.23229622561485,154.99850101978518,174.33323196996935,183.27852545119822,198.90311295865104,215.7566680549644,226.88900761306286,239.44443789473735,264.4969879256096,283.60267300042324,294.745939912973
16.24481368297711,26.235543785383925,31.569316335953772,47.54361602640711,51.52640165342018,76.61514899460599,84.95280754007399,89.24866422009654,105.17867694539018,113.18138162512332,125.60693865688518,131.99831273336895,172.91583902807906,176.93947447277606,183.84649393334985,207.33106615045108,223.3689253446646,243.4090092801489,277.6225762828253,290.64701416133903
10.487519797403365,21.595342652639374,31.77837263722904,41.52944122441113,64.3950097351335,83.80812442302704,87.28906876011752,92.5870285097044,100.00293611758389,122.31417947891168,132.30659784819,145.15902706375346,161.87605962948874,176.20560983894393,192.00481506879441,196.73037778073922,200.9862483877223,206.00596181326546,230.75710748322308,265.7250723699108,274.8273787877988,287.4490153386723,294.8177775561344
-0.730613686144352,6.771881559630856,17.047179200453684,20.793217469472438,29.955421746941283,34.03476943122223,41.26424033031799,51.80179372918792,57.317923586815596,62.328077151440084,75.77199174533598,80.75185585208237,96.39287103479728,101.3721579622943,110.54354135133326,121.05826482572593,131.90912014106289,151.15843323175795,168.79239612515084,186.22360109863803,200.1731151030399,206.68026157887653,228.01968610589392,233.5602764314972,246.86117986030877,263.4961600997485,267.5532062212005
4.1248737496789545,17.779728738125414,31.955221560783684,39.6260059538763,72.0051908036694,82.74872582335956,110.28545389068313,130.23398485640064,137.00146803609096,161.45430108136497,168.0289551706519,182.44996773661114,203.8231745918747,207.9966803449206,215.27096117497422,233.60287021449767,245.20029420848005,265.60729569615796,271.24751966027543,296.3805562562775
3.5642100151162595,14.4601430373732,21.33703234232962,39.52700162935071,46.87672523595393,59.95781817846,92.45513341971673,97.77652312838472,109.04285432305187,113.11872415384278,138.55475665885024,149.39241633354686,171.8498204962816,180.89465997344814,197.70564763667062,204.80199478729628,211.7066821649205,218.43553002923727,232.47691591107287,249.74362207367085,257.61171084595844,261.294795821188,295.4660873094108
1.5904179769568145,6.156317747896537,18.325538170756772,32.21932401973754,47.170780991669744,59.480585635174066,70.49622483551502,75.29720911360346,87.74082688218914,93.50044949515723,102.34780851867981,125.51600145874545,134.10356809711084,147.6402860332746,153.80737745622173,158.4375717001967,176.97440556599759,185.30478591145948,194.73083633976057,201.55338194360957,209.3124289442785,212.7323574058246,215.6181253886316,223.71281682956032,228.98870926816016,242.73947515175678,246.0204727970995,249.3526471168734,271.56477435375564,277.61503695719875
9.260667604627088,28.85031904396601,61.74403220764361,70.86321977013722,80.7401459037792,94.59846981125884,104.21394439483993,157.85058039729483,162.8592557539232,167.6346557715442,194.85150960786268,202.06757493806072,212.27768256305717,227.91149904043414,292.22865440673195
15.386281825136393,35.098820105195045,49.918292998569086,56.69154226756655,73.8396125973668,78.59425245411694,90.20308191608638,101.67185472557321,122.44587627891451,132.8581744437106,149.31511618802324,157.24347230046988,161.59789327648468,169.00206783763133,200.7339476100169,213.30124159972183,217.14453323883936,224.12751580984332,239.21065939497203,252.93520098994486,262.5561003971379,274.0012267003767,291.7808868025895,297.6698482625652
13.514710611663759,39.066559900995344,48.246476103086025,77.82996558817104,93.07020435249433,100.70000560046174,107.54056965303607,137.7115314602852,155.0304647104349,160.06243895902298,180.53491634619422,211.81170619977638,218.90959957265295,251.95353345642798,265.8004638198763,279.4426204073243
0.9053375639487058,19.81606271280907,27.522377491230145,61.75299949944019,71.86159067018889,83.74511287431233,106.56921677989885,110.81877406267449,120.26343607599847,146.42474904307164,153.68080797535367,157.7438805482816,164.84339899756014,190.80835967254825,198.38226088578813,216.6441618441604,240.51930948905647,252.6814499865286,261.32580187032,292.0987245461438
0.5784408655017614,34.33445029333234,40.705007252516225,64.07043897989206,76.15571368485689,91.68664980260655,101.69673579605296,115.86881878995337,122.97336177807301,148.72694974928163,165.81617519259453,219.8806591727771,227.1830718575511,237.35104506276548,243.70664638699964,248.21156355086714,259.14338053017855,271.21117181307636,288.2514872071333,297.8129914384335
1.7041172592435032,13.09271065494977,40.6725205311086,48.119268665788695,60.824376572621986,63.92726026545279,71.87569980905391,85.15594940213487,91.52544893464074,103.80905416770838,121.15779261337593,137.29992191540077,142.82304287119769,149.2058726074174,155.91576062561944,162.10041095595807,165.47258495888673,174.9169065412134,194.1597012304701,208.54476873250678,211.8729831855744,222.9383254616987,229.29378830082715,246.18947460595518,274.86482089105994,283.84892683429644,289.2795208732132
